Algorithm,Accuracy,F1_macro
ID3-like (Entropy),0.7521636506687648,0.5950587521273615
CART (Gini),0.7521636506687648,0.6146752789121993
